{"cameraMode":{"drawMode":0,"name":"Shaded","section":"Shading Mode"},"sceneLighting":true,"audioPlay":false,"sceneViewState":{"showFog":true,"showMaterialUpdate":false,"showSkybox":true,"showFlares":true,"showImageEffects":true,"showParticleSystems":true},"in2DMode":false,"pivot":{"x":32.89894104003906,"y":2.9284727573394777,"z":42.99297332763672},"rotation":{"x":0.093722403049469,"y":0.03254429250955582,"z":-0.003065728582441807,"w":0.9950685501098633},"size":0.8857855200767517,"orthographic":false}